<?xml version="1.0" encoding="UTF-8"?>
<!DOCTYPE mapper PUBLIC "-//mybatis.org//DTD Mapper 3.0//EN" "http://mybatis.org/dtd/mybatis-3-mapper.dtd">
<mapper namespace="com.aishang.shopback_1908.dao.ProductMapper">
  <resultMap id="BaseResultMap" type="com.aishang.shopback_1908.po.Product">
    <!--
      WARNING - @mbg.generated
    -->
    <id column="pid" jdbcType="INTEGER" property="pid" />
    <result column="pname" jdbcType="VARCHAR" property="pname" />
    <result column="market_price" jdbcType="DOUBLE" property="marketPrice" />
    <result column="shop_price" jdbcType="DOUBLE" property="shopPrice" />
    <result column="image" jdbcType="VARCHAR" property="image" />
    <result column="pdesc" jdbcType="VARCHAR" property="pdesc" />
    <result column="is_hot" jdbcType="INTEGER" property="isHot" />
    <result column="pdate" jdbcType="TIMESTAMP" property="pdate" />
    <result column="csid" jdbcType="INTEGER" property="csid" />
    <result column="cid" jdbcType="INTEGER" property="cid" />
  </resultMap>

  <!--查询商品集合-->
  <select id="getAllProducts" parameterType="ProductExt"  resultMap="BaseResultMap">
      select product.* from product
      inner join categorysecond
      on product.csid=categorysecond.csid
      <where>
        <if test="cid!=null">
          and categorysecond.cid=#{cid}
        </if>
        <if test="csid!=null">
          and categorysecond.csid=#{csid}
        </if>
        <if test="pname!=null">
          and pname like "%"#{pname}"%"
        </if>
      </where>
      order by pdate desc
  </select>
</mapper>