<?xml version="1.0" encoding="UTF-8"?>
<!DOCTYPE mapper PUBLIC "-//mybatis.org//DTD Mapper 3.0//EN" "http://mybatis.org/dtd/mybatis-3-mapper.dtd">
<mapper namespace="com.aishang.shopback_1908.dao.UserMapper">
  <resultMap id="BaseResultMap" type="com.aishang.shopback_1908.po.User">
    <!--
      WARNING - @mbg.generated
    -->
    <id column="uid" jdbcType="INTEGER" property="uid" />
    <result column="username" jdbcType="VARCHAR" property="username" />
    <result column="password" jdbcType="VARCHAR" property="password" />
    <result column="name" jdbcType="VARCHAR" property="name" />
    <result column="email" jdbcType="VARCHAR" property="email" />
    <result column="phone" jdbcType="VARCHAR" property="phone" />
    <result column="addr" jdbcType="VARCHAR" property="addr" />
    <result column="state" jdbcType="INTEGER" property="state" />
    <result column="code" jdbcType="VARCHAR" property="code" />
  </resultMap>
</mapper>